{
  "noise_levels": [
    0.0,
    0.05,
    0.1,
    0.2,
    0.3,
    0.5
  ],
  "models": {
    "UniT (vision+action)": {
      "0.0": 0.00025023,
      "0.05": 0.000259,
      "0.1": 0.00029388,
      "0.2": 0.00043116,
      "0.3": 0.0006435,
      "0.5": 0.00144297
    },
    "Action-Only Tokenizer": {
      "0.0": 0.00022437,
      "0.05": 0.00025269,
      "0.1": 0.00033025,
      "0.2": 0.00060748,
      "0.3": 0.00099691,
      "0.5": 0.00208625
    },
    "FAST Tokenizer": {
      "0.0": 0.00017076,
      "0.05": 0.00018467,
      "0.1": 0.00032492,
      "0.2": 0.0018279,
      "0.3": 0.00400873,
      "0.5": 0.00968603
    }
  }
}